<?xml version="1.0" encoding="utf-8"?>
<!DOCTYPE hibernate-mapping PUBLIC "-//Hibernate/Hibernate Mapping DTD 3.0//EN"
"http://www.hibernate.org/dtd/hibernate-mapping-3.0.dtd">
<!-- 
    Mapping file autogenerated by MyEclipse Persistence Tools
-->
<hibernate-mapping>
    <class name="DAO.Grades" table="grades" catalog="student_grade_manage">
        <id name="studentNum" type="java.lang.String">
            <column name="studentNum" length="20" />
            <generator class="assigned" />
        </id>
        <property name="math" type="java.lang.String">
            <column name="math" length="10" not-null="true" />
        </property>
        <property name="english" type="java.lang.String">
            <column name="english" length="10" not-null="true" />
        </property>
        <property name="java" type="java.lang.String">
            <column name="JAVA" length="10" not-null="true" />
        </property>
        <property name="computerNetwork" type="java.lang.String">
            <column name="ComputerNetwork" length="10" not-null="true" />
        </property>
    </class>
</hibernate-mapping>
