<?xml version="1.0" encoding="utf-8"?>
<!DOCTYPE hibernate-mapping PUBLIC "-//Hibernate/Hibernate Mapping DTD 3.0//EN"
"http://www.hibernate.org/dtd/hibernate-mapping-3.0.dtd">
<!-- 
    Mapping file autogenerated by MyEclipse Persistence Tools
-->
<hibernate-mapping>
    <class name="DAO.StudentInformation" table="student_information" catalog="student_grade_manage">
        <id name="studentNum" type="java.lang.String">
            <column name="studentNum" length="20" />
            <generator class="assigned" />
        </id>
        <property name="studentName" type="java.lang.String">
            <column name="studentName" length="20" not-null="true" />
        </property>
        <property name="studentClass" type="java.lang.String">
            <column name="studentClass" length="20" not-null="true" />
        </property>
    </class>
</hibernate-mapping>
